Timestamp,FP1_Delta,FP1_Theta,FP1_Alpha,FP1_Beta,FP2_Delta,FP2_Theta,FP2_Alpha,FP2_Beta,O1_Delta,O1_Theta,O1_Alpha,O1_Beta,O2_Delta,O2_Theta,O2_Alpha,O2_Beta,C3_Delta,C3_Theta,C3_Alpha,C3_Beta,CZ_Delta,CZ_Theta,CZ_Alpha,CZ_Beta,FZ_Delta,FZ_Theta,FZ_Alpha,FZ_Beta,C4_Delta,C4_Theta,C4_Alpha,C4_Beta
184047.2754917,55.708458635259426,23.00105301180379,17.773617031725287,12.41288389149916,79.6276504243319,37.41741821600146,21.777140440778478,21.427217190398895,189.17260259028572,36.47588671319285,28.087007055250034,11.463406809339949,5058.883890390663,41.763592974252425,31.895670571758124,30.60772057686817,811.7179398680239,75.84501132566656,24.217890648748917,15.036852555989721,224.31250139088462,34.57700494528065,24.770488666255023,14.077628981800984,1949.4314485624677,194.049954233942,63.21900322653762,133.39753513974716,786.2010982244248,79.98247678615182,37.13308419014102,18.330920490537025
184047.3547087,31.494404873669794,23.061471123934588,17.76474362996079,12.388822629530338,65.5784439834766,37.49475058253935,21.782166786482428,21.394381538585733,157.3235937680609,36.30258801138694,28.01189267151407,11.469902753720811,1079.3381301061677,41.642646226248544,31.899055335246338,30.600707437389467,823.4486673786876,76.7165406842315,24.31283283974095,15.01444744949826,157.2783527733605,34.60314418031982,24.81518845061624,14.035141668378937,1762.6037310969552,193.75611969693537,63.26726859620792,133.24494238224375,819.0919967690168,80.12867594885587,37.16508743349202,18.30616108944387
184047.3547927,45.987318481210295,23.12879930546303,17.77555220298918,12.39095598918747,110.05002264459183,37.57036003316592,21.787883492115796,21.36218299337288,294.4189528560613,36.10022711198587,27.940101649685765,11.476811571729579,5377.18136259373,41.50328193229416,31.830972874627157,30.591630180291926,864.3392662406195,77.26946587364631,24.335430610669338,14.997461747490513,198.94079937337887,34.637024361092635,24.857352667318843,13.989030980202726,3124.951041453388,193.37628624149298,63.32640271102672,133.21785006869354,860.8211408453953,80.25166277950359,37.19511515923879,18.28032149096954
184047.3548313,42.93675336511848,23.204771025298392,17.769316386438632,12.375288607629777,116.78791674450464,37.65493791730836,21.788909626700704,21.3278069415008,315.08474165756195,35.992660296669854,27.871860508850503,11.484654337826075,1251.2892992345248,41.50299774579348,31.77172631695367,30.573370357619844,914.1237348749191,78.2259327206328,24.391055770155322,14.947014831140583,156.314111493124,34.65571378842891,24.90550429016728,13.940785405217516,3344.6140698159033,193.19974709924782,63.41415640616034,133.11441879995263,837.7476060702068,80.41892344133664,37.225900064644975,18.25382124001382
184047.3548828,41.572539353779604,23.292058002084833,17.75645335802782,12.352313195779983,72.11628050575328,37.76002899703522,21.789700576037642,21.292626639863443,146.16133931617827,35.957405488107504,27.805856633155734,11.486339596433513,3622.354060209509,41.806345023841594,31.722621131584717,30.55948021187693,868.5626901585624,77.90297909003046,24.413305382561227,14.98575989720838,224.76961939550245,34.69881953789531,24.959456362506028,13.905516726087164,1996.1281595092698,193.76592758858135,63.49916378967613,133.01818730058088,787.0981492536228,80.61354889331966,37.25781680358966,18.226828337876075
184047.3549088,58.57193425441851,23.374733741630294,17.748211443717395,12.33589317370551,84.7882089531953,37.85027198276416,21.784244069586617,21.254356290436323,196.1007510554216,35.956073707098014,27.733956594933865,11.499373446944345,4926.3889627662475,41.88144756094898,31.653827859723066,30.544338179543182,831.5421265751232,78.11967452312575,24.488590595164364,14.986824190390683,235.3069605859802,34.70597247667773,25.00167922279702,13.861598323525381,2020.4213422251776,193.96988324762742,63.577300560548814,132.90844094169853,788.4824265586424,80.78496572330062,37.28912163083049,18.198874953833393
184047.3549338,36.529613985357265,23.444597842510078,17.745700078777645,12.325940006673514,73.45083445964218,37.935473566682404,21.786472201111437,21.219005016166644,159.07233479359297,35.80784135389298,27.658063090256604,11.50501405525547,1041.8654652141984,41.73400776968406,31.62994827852437,30.534055798864415,842.9177041942944,78.85547762633543,24.564976922218925,14.95640452613326,164.29398476638337,34.73486774776644,25.046202586011088,13.817964033974397,1871.290873079401,193.34268958891553,63.635662051921145,132.78657927707647,810.045994292947,80.90484353750207,37.31764555894546,18.16962551278068
184047.3549587,49.508900244169524,23.514205421689912,17.73631212068071,12.310386687954171,111.18032264144709,38.011620803328086,21.783035395726177,21.181722758521822,286.46731095612955,35.62935380778263,27.587505468592077,11.51023921385135,5433.810079045644,41.65921457189663,31.53288527005516,30.519495278230078,870.1746079086406,79.05736536516171,24.557124037169036,14.955207656479624,192.00699068204295,34.758880034748664,25.08734797849608,13.770137241322773,3371.9308488822307,192.5119825586968,63.72848925730404,132.66604247465153,843.6131538126167,81.00617106102024,37.34449102850611,18.139612436000643
184047.3549836,41.4992560677927,23.59709035114393,17.724493707305445,12.29309269611119,94.31012207491202,38.105108078007376,21.778544798775503,21.143256079671847,312.7707194331422,35.513555923379435,27.519458395710917,11.515449630003472,1402.0059243601263,41.73632642103815,31.505830641648885,30.504177514127953,907.6465363727393,79.80181936355602,24.62932445076599,14.928933481186176,155.99655343087628,34.77883956319131,25.13114567860604,13.722872225126645,3348.183904847055,192.4303306346827,63.81610203203075,132.52929682316713,819.5362500092284,81.12628223174231,37.3720474260441,18.109255420228003
184047.3550082,50.50297861070407,23.657865452133517,17.66947458806745,12.224317097778739,76.58097770011776,38.204092993796785,21.772238826495546,21.102094683967557,152.33925374493612,35.46150848341528,27.44864899587054,11.519193010386607,3517.8584500966394,41.96098734634158,31.470406192134508,30.487878094262275,884.2577452815151,79.77519100424195,24.657296817981663,14.932044457431365,244.56919174735754,34.81789188671643,25.174342300232013,13.683708010532303,1993.828571195557,193.2442229023411,63.87449532107679,132.38783057578007,776.1667685607658,81.27098184015077,37.40080374285331,18.07823870439127
184047.3550327,64.73301560152012,23.76131759687889,17.69474564930574,12.253104988973737,79.71997703527603,38.28782646542504,21.763499084192876,21.0631536823649,199.8511339885559,35.41843594754407,27.38195415090841,11.526217037689403,5074.696384290608,41.91944858961644,31.396668164161635,30.470543219382847,859.8069496002734,80.21340346729569,24.7532637246031,14.913726528244714,256.30801259377256,34.840481898829466,25.215118129624887,13.638725972887444,2129.3597581416225,193.65009092707044,63.93742201669539,132.23899866175128,777.4760018840665,81.40046770732016,37.42820782932653,18.046252479367627
184047.3550573,33.05567407133232,23.793403113932342,17.634397321560247,12.190642773617896,70.63053940792781,38.33633365118186,21.740482021802844,21.012885023097525,158.53842757835147,35.30364097706619,27.308492963006096,11.529667217154316,1044.6816811614835,41.80107329131596,31.320459904858676,30.451529859139413,868.4654360714003,80.79223308474324,24.801528734971328,14.877662790197084,165.90210971326064,34.870563459508915,25.25844320455586,13.593636666504182,1885.978465574316,192.92641172618957,64.0346784586164,132.09303308652534,793.1762870025843,81.5051866796317,37.45373451360784,18.013582750981673
184047.3550835,38.76482251340305,23.916148875482584,17.669044179256463,12.225155301717793,94.82708153726931,38.45939672177981,21.745992440310854,20.981939265315972,311.4233736999571,35.16327295364033,27.24156541672974,11.532450653994639,5425.194796885003,41.834593444290626,31.233114929048998,30.42636166449828,879.8144629420283,80.77068390380279,24.77931389804081,14.892275059654786,192.55824369988673,34.87873954593987,25.295243602920262,13.54432302258158,3102.5141548129627,191.83653130613996,64.15243237999796,131.94196086275048,820.1553352447659,81.60426724948803,37.47868233325115,17.980448099946983
184047.3551088,39.578842641294955,23.994803342591528,17.643152166531543,12.195289636192225,104.97294762611182,38.55369246183192,21.735446614990813,20.939935404968004,337.9825094885858,35.0473724179923,27.173061021783024,11.53549610968761,1451.4698190479974,41.94799875299518,31.212065024668483,30.41307825129754,923.5697668929471,81.59855987547886,24.845957557076044,14.85772359126733,147.32616246821453,34.89102988284579,25.33188570232429,13.497080624491922,3348.534945778534,191.64455707997934,64.2345078204678,131.77355793856893,805.5257091639224,81.70091825213714,37.50348609080013,17.94658485324455
184047.3551339,48.12318579915461,24.038955485441143,17.571462365888046,12.114231803467026,89.54812320737574,38.61836483366085,21.68770263031037,20.84622804379264,164.98526817635616,34.95151420447474,27.100872545536756,11.538985670648755,3375.9296383045485,42.045000626087734,31.182986185677063,30.394138022466638,911.3300416411182,81.74356575359509,24.888274265579565,14.85012394107025,215.98069417446928,34.93965118420278,25.37060159864204,13.457193759491156,2007.4875511379823,192.57976589001098,64.2899862951307,131.60190679836745,782.9405453169089,81.78984368150125,37.52689434471769,17.91172557267505
184047.3551584,60.80509505766737,24.15211763270528,17.613516259806243,12.167731087958366,90.38937576567146,38.723502671622114,21.70840664807946,20.85361532649755,189.92389225456867,34.871817059109475,27.03186589625783,11.542517050076412,4782.4990137165205,41.89914550119671,31.10864774240381,30.37380646995731,893.1335722184288,82.10504763018803,24.959013318777025,14.826832168058335,234.18177480177172,34.97187877093924,25.4082792747703,13.411489799263293,2314.5184712581536,193.02126319475255,64.3599071949872,131.42421571831812,801.330407931695,81.86746315733919,37.54860249209059,17.876535537097826
184047.3551828,34.514898952065195,24.22010615319312,17.574719630950447,12.127945419400223,71.9014750656704,38.80195481729042,21.69272940392975,20.810112253419753,150.25420356802854,34.79597400975639,26.966916744104577,11.543999763152579,1102.7964601173549,41.85419487041697,30.996570091727968,30.34601356752108,902.598816091851,82.6907329198264,25.006078711377466,14.782703738722617,154.7697196498239,34.99566842637995,25.441356637471184,13.357664957750682,2040.8015310888527,192.3560949190703,64.46410924026858,131.2407593106088,802.959118905175,81.94757646106434,37.570605448835195,17.84125649417982
184047.3552074,42.87293980942434,24.32207193306397,17.57553567995305,12.136515086882305,103.6386644636932,38.895249050697224,21.676771928937058,20.76610439397545,305.4170081482201,34.709218392913506,26.903362616300562,11.545152639000538,5861.277787555503,41.99805637090183,30.938241032658464,30.322970368416968,906.2985175307226,82.60323294299285,24.98049839315123,14.798332879697973,180.78812808904308,34.98999748912918,25.477784230885298,13.316056753649532,2543.755487113229,191.4067011223321,64.57239339164232,131.05036091569784,815.093461551165,82.03258249820567,37.592978310122774,17.805435847268175
184047.3552328,40.272184089684814,24.391121567963857,17.529208255983647,12.087527471528183,101.51988362693126,38.990223524798935,21.6600558205924,20.721284856513552,337.35883486698253,34.60119645185164,26.83550222352427,11.546291543015059,1679.0973722584674,42.09614757209508,30.89768101205887,30.299788361920246,947.9535854689648,83.41676570082832,25.040590695596688,14.759611869218576,147.32741020157394,35.007736552936734,25.50977182270451,13.270152475625792,2757.9793792105997,191.2381561603201,64.65390075942153,130.85939543304883,803.8872761324808,82.099410907874,37.614047192594825,17.768824970588263
184047.355259,46.87952460298986,24.42653412331025,17.455466409275576,12.010689092781702,83.16688665443571,39.03086043587075,21.593182729910183,20.609706210817357,169.18229340588124,34.46240060269212,26.764603535529673,11.548031153026528,3108.2415251983643,42.03677525351533,30.83819704948737,30.274786342547987,941.7510210328046,83.59324756843407,25.07887299825384,14.745532439745002,252.54392315128462,35.04765275886805,25.54106443637285,13.228116509854674,2150.637920399361,191.9340031736526,64.73229371510111,130.66260181317514,792.0800967831009,82.12479726226617,37.63169984838305,17.731791927038657
184047.3552832,55.83665238862873,24.537964704180077,17.493005573104146,12.064216441036608,82.66517014981332,39.12014196641698,21.588186920680673,20.58461584000563,219.05289393659075,34.35583176949397,26.70111066215822,11.549017511719962,4548.825002980998,41.85838597373535,30.790614580232713,30.247563322548018,921.3472392497902,83.710482682,25.130834510496143,14.733307036704447,272.24024965951304,35.087499188962745,25.57449233644559,13.182061105257246,2357.8757923188555,192.16222197622673,64.82797584742208,130.45862385978182,811.246743399498,82.14832783328373,37.64862318441474,17.694584506688113
184047.3553121,33.98790656754875,24.61397065458599,17.451375748590593,12.026415371896189,75.57577178889468,39.205531019888795,21.59079718460819,20.57919821497123,155.76303643386143,34.305441764681895,26.640214451574195,11.54917801691457,1058.7942547322427,41.897951894507365,30.672785954970124,30.222325680584788,925.7554970653207,84.05580079645178,25.170947267956414,14.70986209262996,152.81666355701404,35.10410640347942,25.589055503665787,13.113432583300423,1964.6081316724526,191.3943807878473,64.93414761432292,130.24134665813693,806.2019338944556,82.21591300334823,37.667199653273784,17.656877088293957
184047.3553367,47.78404626853573,24.733282193357205,17.4569387998286,12.044445586189315,107.51899593984866,39.32188944524347,21.57740203704341,20.5376889572335,286.67710412069323,34.26942988804685,26.577005389787626,11.549325573919416,5524.175805027119,42.12011591143853,30.643884255274173,30.203755531952734,944.5368027784502,84.27564848695835,25.14972164374242,14.686072425000852,157.21930309598062,35.09390176407682,25.63096698774784,13.08843846287386,3248.02245632339,190.45268555118082,65.0301199443191,130.01952766094877,821.2840060382433,82.28507465849822,37.68534014015376,17.618661691985157
184047.3553618,47.46268871635085,24.817624915380943,17.430271118299785,12.02416625298378,95.56230980850204,39.40535479274009,21.553988627789675,20.490878726213953,327.3495705351486,34.166103970870324,26.51146901979596,11.54864696821343,1508.1426336361874,42.15618945935207,30.5652535697971,30.170338755053745,996.3115231551999,85.41464960815698,25.227649731706645,14.613137482111284,141.79319028577726,35.100882611951924,25.65715561279989,13.042815358763507,3269.1313998999094,190.35891145479013,65.11615942361996,129.80689868252784,814.0261429689908,82.31599915797898,37.70171288881224,17.58031114248931
184047.3553982,46.05333536172559,24.771076894546333,17.244495208134143,11.835563709028428,80.34191379759726,39.44194906719332,21.49309494048486,20.39433929214944,161.20122913255105,33.99836324738735,26.446761000048948,11.54797730003633,3120.398054909852,41.98906138008871,30.473436933244823,30.141602652003552,976.925971013941,85.26229666399871,25.26934698827532,14.624337729873496,255.6615236405393,35.140564887307704,25.68307523139322,12.999434574261507,1963.9030161703463,190.920833919849,65.2263762858847,129.5763849204543,797.6371935891586,82.28040667220073,37.71543088514859,17.542064051068046
184047.3731712,60.898373751373995,24.89540878186598,17.30399205434067,11.9076850683392,83.33034803595822,39.53766180500842,21.501953628115583,20.396956946989956,208.73190443524754,33.86849472100603,26.38887412018016,11.547102520764682,4572.755391523087,41.844321417123645,30.446515082727256,30.111684125758824,963.4943317905409,85.34491555741516,25.325189662243417,14.604449035088834,279.3080282004146,35.18871152043618,25.71198650439451,12.953575548108777,2180.379503798975,191.0409682286471,65.33977473685246,129.34602441484702,807.2085549998891,82.25495161815172,37.728853681575586,17.503406758245124
184047.4712254,35.85612691044804,24.94142263268579,17.23053821870949,11.849057412254728,74.42120899024286,39.60554868070243,21.468719526769483,20.34419986137768,146.8753785756594,33.83415922200576,26.328541023296324,11.54582141221107,1002.8142608969197,41.902821722372956,30.349221158071156,30.086675866559105,970.2946324760663,85.73742081793469,25.367418434430643,14.565795369692516,148.06624021601107,35.194820113846994,25.707480741339612,12.87377284854257,1963.9494413790549,190.5337376800725,65.43988536567872,129.1111271433284,805.3925201335367,82.2762838496032,37.74223897498549,17.46409698220221
184047.4712693,44.391729058561786,25.12515841482937,17.316967420941236,11.955561622570944,114.09807485920474,39.72722357658283,21.44905228783847,20.30077020432103,274.01179816404516,33.82051226710399,26.265829233811544,11.544556506923957,5781.282342670691,42.15972539563983,30.320636532920958,30.060101963067893,974.9173081744804,85.70911490281094,25.32045606258965,14.56285205102467,145.66345550927844,35.186461858130954,25.75363070125409,12.863248653158859,2918.491826121424,189.93958712031457,65.52735677907467,128.87465371031539,818.9782587066883,82.31276061744067,37.754905843520326,17.424583431992005
184047.4712992,41.661594925424936,25.202764188097877,17.286162459223632,11.937052856062804,113.65047752540141,39.80842671187352,21.41930784117495,20.252590155991918,300.20008010037674,33.726160073951135,26.207519171751414,11.542106855817213,1841.2219347913044,42.15503695031815,30.21683653657336,30.029746874977093,1038.392979555771,87.16682524302288,25.401309864134614,14.453568043076535,151.5961543672449,35.1986574946135,25.77615131191402,12.818109982267217,2951.9939367864868,189.7732126246838,65.62888194986385,128.63068653181801,815.1889507783328,82.30063759757033,37.7660933741973,17.385231987349492
184047.4713319,42.29881120706088,25.173698553114956,17.130318635893317,11.779216375318311,79.17862428618308,39.79438284569207,21.31399180927617,20.103954895968837,170.49996042890672,33.54957257244701,26.151580558238802,11.540323939292646,2750.1746800470078,41.95939127353948,30.114863884906836,30.001680527185297,1018.8592595731884,86.95053329224152,25.429222213570277,14.466866996463944,312.3127855115188,35.227678163587264,25.797854239457646,12.77418969250821,2071.948365376539,189.84539537586696,65.77048795760415,128.37431375363715,805.4997695909825,82.21822313855395,37.77611779971403,17.345790610649065
184047.4713711,61.60035510774422,25.31966052254326,17.214057236723757,11.894009813201766,87.93608051793348,39.91764747197623,21.35722594985015,20.157393574313538,226.11390953919272,33.41543797890851,26.098380290444904,11.53856604957315,4243.148332871953,41.84644941048816,30.083407885276245,29.968991418880503,988.9360152864004,86.59831287940565,25.4654541942692,14.480103569025221,342.56784080778516,35.27278357852165,25.81738880872285,12.729803757205493,2610.001827741024,189.71825966458078,65.89983563557635,128.11727257609425,820.3411768293169,82.14922097178095,37.78550924862266,17.306046366241223
184047.4714052,37.765190630268364,25.401654743572564,17.172936528095633,11.864245037020156,77.84074104939478,40.0031737375372,21.327434803531315,20.108052261843238,163.61899166940964,33.37322471695281,26.03950902202452,11.535949334401831,1135.7254582720116,41.88132494214247,30.01650922919135,29.939995692269644,984.9744280345485,86.75345375046257,25.480990839538723,14.453905007294075,179.52488416003513,35.29057057798357,25.830715619353935,12.685797285799355,2084.741861610054,189.440889751272,65.98960525847168,127.86688535840902,808.8984527785175,82.14733003300742,37.79378763100165,17.26636751394569
184047.471453,51.98933878780268,25.505865623591646,17.157086865281702,11.867375984927113,118.1425624443076,40.09530207981677,21.294822588228115,20.059781310307905,255.2106364839484,33.37782436601947,25.97933402737785,11.53226657675063,6509.970621344859,42.10018354490196,29.96092550267308,29.904865707095432,987.5491278116071,86.92426014148526,25.449806027015203,14.422114238268032,137.0758729796555,35.27099907729424,25.84434272696277,12.641852136461255,2767.4175578316467,189.26266043358498,66.07282992407995,127.61377434580679,814.780121586829,82.14810422891378,37.80002923226892,17.226825388264867
184047.4714978,48.19167988209099,25.581057450191437,17.121685619112405,11.848873771363907,108.84249980148661,40.166024472587594,21.259760375264694,20.011306316675057,301.0187224804112,33.30256616264215,25.930224720172074,11.528956778658179,2139.433830755393,42.05376186702641,29.865786504137017,29.87787621326118,1046.2284680190564,88.33615551429517,25.53704065694195,14.31880005715933,160.26597522191534,35.27951000283643,25.861740098458725,12.598431211406712,2870.4343638097616,189.04972832177307,66.19643948332084,127.34496625403357,817.6832377979795,82.1096625363466,37.80466956365654,17.18716344578793
184047.4715613,44.86670286262859,25.49919588437393,16.882375532196473,11.610957399737151,87.8028548283232,40.13076443237501,21.1276154640486,19.835227301488978,175.74302069771744,33.137125672323826,25.881596226122475,11.526326232528469,2445.9789694359442,41.905798898238956,29.769415542468426,29.850174406677343,1033.7068340556768,88.20812099218631,25.568162658195547,14.314312722447314,334.62831896543526,35.3024423084319,25.877541448919885,12.555962560574988,2145.7819165716883,188.60861532453373,66.34832006319321,127.07686233940767,802.2203841304316,81.99497757164507,37.80971915901467,17.147156150467893
184047.4715857,58.06634136504927,25.696016979365147,17.039607744034797,11.80340030050961,89.43979109813415,40.27296186112415,21.188322217103696,19.915154477926073,240.5250149340803,33.004257161118005,25.833076727615722,11.523512821303951,4166.895015949385,41.83840128934744,29.70202655148597,29.817702204483965,1004.8077726036804,87.8587123337977,25.602605723818495,14.326360835311954,345.9834756767388,35.32837646421147,25.88622157438556,12.513352394033083,2709.606378936261,188.22046152282016,66.4753675152865,126.80530365780626,817.6614904471537,81.86892651573105,37.81515550032019,17.107313651244382
184047.4716103,38.31666179829762,25.74745410395457,16.963396984678866,11.738025231464361,82.13072135009865,40.34900218799695,21.15384542935881,19.866335759109823,158.0990926379757,32.956395368497354,25.777729441270854,11.519459376312012,1080.5138478962417,41.8110030547967,29.664105069801227,29.78276327858106,1013.3399647034805,88.2203528872864,25.63946103414862,14.27635211168757,169.24301736088842,35.33881271543587,25.893065923875916,12.47073711784387,2209.7325483882905,188.18987849612753,66.57399430296897,126.52942438422973,812.2612370490903,81.79480617646726,37.81782281338283,17.06796499444201
184047.4716342,55.86386709309323,25.86462712018784,16.97912424700139,11.782451920676538,127.42190930785058,40.42514045823152,21.11627736127447,19.818360866631423,262.0802255394541,32.95021895111576,25.726188729566573,11.515123873610946,6847.68526300797,41.96633544315344,29.56848406234327,29.750789866700938,1005.9319564242614,87.99687713723009,25.573687772441776,14.267590044882969,136.4291016664709,35.3276944918741,25.901892862408413,12.428913887893405,2624.8483267816146,188.39330614863434,66.68048000040098,126.24773049835215,810.4187804344956,81.7421597834605,37.81790428949225,17.02886275727945
184047.4716596,50.98662890154843,25.93215438214739,16.94118559827122,11.765812906372306,116.76000484373048,40.48515217182089,21.077186092858774,19.770342633915327,295.5231923035379,32.8813396100976,25.683678089901637,11.511205167652912,2228.6054967331665,41.8758582284925,29.516069631358917,29.716588686375577,1036.7658766744164,88.76572174340376,25.638561812574768,14.214188670150397,161.1439373887808,35.330364416184196,25.910816728791858,12.387685926524648,2814.046090001314,188.20051854531914,66.8297583065299,125.96925826696172,807.9614365438164,81.64650766315536,37.81715373877314,16.989640810059335
184047.4716845,44.606693743936866,25.851792213126178,16.701082697890886,11.52691670854236,85.36648476680443,40.45746810547284,20.951740225624526,19.608248509641797,163.8168033894863,32.74421176121444,25.639752857045924,11.507261617947309,2526.742955308154,41.809649147936824,29.43348514872625,29.68705348430887,1038.0554088013707,88.79105710390151,25.68187311813026,14.187124545052978,321.57662829979216,35.343213799658166,25.916496941382846,12.34684926782856,2148.5258627131975,187.35732603996735,66.94625217623906,125.6900506665648,806.5028434587064,81.50416495430196,37.81708126145189,16.950622100059615
184047.4717083,55.82947080410827,26.039243661050726,16.83187796942707,11.69646654214716,85.41877854324552,40.57637745672595,20.979940557651393,19.6495940964305,242.61989948022037,32.6216873805413,25.594521664286187,11.502927175762503,4103.246003332788,41.8044862112815,29.343847457461834,29.65381339208929,1042.971634869572,88.95935735824472,25.741809959234068,14.141381291924924,338.31241396405187,35.353563067466176,25.918114238718108,12.306485653195194,2701.2194123662057,186.72861073456656,67.06576677806912,125.40827395199963,823.1867594082419,81.36031747565563,37.81626901114835,16.912033432432533
184047.4717336,41.83798972253181,26.12424864340514,16.815605561796445,11.70630599919073,81.51318781023387,40.65383352606712,20.957720259547578,19.627471217836497,171.9853734310404,32.54820407803748,25.547078785482697,11.497744165323818,941.8515774821133,41.70954608044157,29.28634078873531,29.61921597457233,1054.0897444508278,89.36298190669659,25.78457492317611,14.084401998872556,165.99585678790532,35.359507471804605,25.921289868396748,12.266562749980817,2113.1607453383026,186.9391107429082,67.19367790668403,125.11355230598132,809.6049028736318,81.24424615553741,37.812789636622995,16.873602821688955
184047.4717586,52.14139796218334,26.19496372312834,16.786880504045993,11.703558782225112,110.57197704064406,40.70944290969351,20.91586890303725,19.58044399335707,210.56756849494707,32.52644051794995,25.510827011660858,11.494409069474711,6361.013142366189,41.7743480389718,29.187401924880557,29.591486593681154,1035.3996306695872,88.836244028111,25.710671352777617,14.109376890999403,126.52580066307851,35.36219571289977,25.921495218734044,12.227331587620778,2816.1969422476313,187.50736327780393,67.34455066933923,124.81643994467345,808.6042549905536,81.13672287958553,37.80738599150598,16.835238764666236
184047.471783,45.73305719907463,26.229628263227205,16.710885040816706,11.644901930624744,107.10324386374916,40.75699750109986,20.874097157068537,19.533716775255836,267.03441383300526,32.4764374272499,25.47361979194975,11.489871209966788,2238.941620010997,41.6365350528995,29.155670662121018,29.553735854892135,1054.758527874365,89.26985812979943,25.737731018365384,14.06436946937015,137.09998769843793,35.359404082546305,25.922978252339238,12.188683943347286,3005.13993590639,187.34119503174188,67.47867030427687,124.52363832052532,810.7577218953766,80.98854704598904,37.80251103174791,16.797484008914648
184047.4718075,51.1394171788747,26.120760364376057,16.428094628816858,11.369074667747505,81.81264204992084,40.7228767743255,20.7380093411237,19.36342335665007,168.6227396859827,32.38231854176639,25.432977700522876,11.484770306840034,2349.4248893571444,41.642094688147296,29.097156194065562,29.518869546142,1063.9426358656056,89.38450762455797,25.773687048564177,14.027486285721766,308.4391000459558,35.352972028534005,25.919182459064483,12.150042674258355,2170.9260784862367,186.08970263913452,67.58423284148975,124.23319251180958,817.0304670479782,80.81556478145761,37.79703213789171,16.760400494427596
184047.4718474,59.77849958301392,26.361113037800244,16.623818767078628,11.608545566355753,86.4273469260088,40.85684297211445,20.779944456623177,19.43006951960081,276.90759342256877,32.281776503904766,25.394479436228703,11.48004446663717,3951.053826010513,41.71789497757952,29.00187732169305,29.48517727968177,1070.130022474638,89.48171114559784,25.82058402225807,13.987012470957076,351.0261849471614,35.33751395929986,25.913584548508286,12.11306054734845,2808.29346186074,185.29343727770356,67.69574398053214,123.93768305045519,836.028544113715,80.64406222748286,37.789452404636094,16.72352255650338
184047.4718708,43.74140301830505,26.444875965168357,16.6144076654321,11.631637709358408,86.00135339763625,40.91295762860929,20.74358989240026,19.395749170870474,172.74059636506726,32.18641850928746,25.355799608772404,11.473991836053392,863.8274124312051,41.56967891357353,28.906152119851985,29.456225762274087,1081.8146088054725,89.81398637235688,25.856841281998154,13.931809648622306,159.83746710319025,35.33551938960426,25.90483914077181,12.061714386301995,2220.546046596337,185.53814586015542,67.85367429047724,123.6419360339174,813.0090423251914,80.47765067823433,37.780673667848895,16.686697504752612
184047.4718937,52.03766245722582,26.505503094093942,16.58445288380276,11.632628649262394,116.74337122585686,40.95022738960057,20.698930624620107,19.350443076536248,211.41961837966076,32.153576959760855,25.334153736751478,11.470628425077871,6433.127181547791,41.556666919960264,28.831751985854716,29.421554959504242,1052.3722397295292,89.24065898677986,25.748459380827736,13.945799848390042,116.10974953050903,35.352920253864866,25.910619734251814,12.039918306970756,2515.111847711197,186.16357552660563,68.02896992639629,123.34762234295614,802.3572382802442,80.3000629727016,37.77194455414922,16.65034079797643
184047.471917,47.90915445121732,26.558740456738402,16.544621259639584,11.619295903403597,108.4886376979689,40.986490045784485,20.654957836411604,19.305773893922893,242.43192807135046,32.10764733728382,25.301687555825445,11.4656134673846,2377.389939513235,41.36448141911469,28.779626170262862,29.38921391058465,1081.9574173917206,90.02320191170622,25.797318184940302,13.875706722052547,142.87972809666067,35.28291958209361,25.876428195336214,11.98277000654459,2712.51144501378,185.95310303314238,68.15004929505268,123.04065545858128,802.0192374380064,80.1100304663983,37.762773611346624,16.61476466268149
184047.4719403,44.40354687920171,26.497972460722952,16.32952601625467,11.402251326014428,81.91341570162459,40.990339557510445,20.562803932294468,19.19729666209184,160.71153433300822,32.053218785103915,25.267645540186997,11.460760935842076,2182.905557076418,41.416847515689284,28.743161747744878,29.353830896954427,1078.845987042791,89.74327786335176,25.804698408948823,13.865223151382875,345.26343877930316,35.32668809088668,25.890572193323536,11.968701181453765,2279.631712241328,184.65636368584748,68.26652932490803,122.74097684347771,814.1818586158932,79.9210000819167,37.75087092929768,16.579657899856088
184047.4866478,61.54279696680776,26.691276456814975,16.462772044358246,11.593828548277504,81.5800053871825,41.06520374608631,20.54784927905053,19.195791894549757,274.2906540723632,31.96880277550156,25.23766475061393,11.456176579792459,3805.686540193792,41.56609542864448,28.66009328652256,29.32123634706224,1092.8274785684805,89.70217644043144,25.86395289115704,13.831343173890907,385.659484014222,35.28335325031301,25.879411578777148,11.935185875048596,2974.7398205173736,183.84212843854183,68.39155933729685,122.43588310581154,840.322476406861,79.72868679772334,37.73752026339065,16.544942062167436
184047.5711859,40.140443916367495,26.70774028804032,16.381611263369965,11.535384968077189,84.86645735104406,41.11358477329557,20.517575924256064,19.174675287762884,177.95847734396136,31.859134287373656,25.208624565959315,11.4505987016477,947.7170904012781,41.39488101297869,28.54555234747989,29.290519648750443,1105.7561632083498,89.90782995878193,25.892339918405572,13.781066389488648,185.56704590093966,35.28634868383319,25.877350632736285,11.90096928348678,2166.4857284575337,184.1515505696359,68.56517973762665,122.14183220414915,815.5684619987101,79.5121404763018,37.72494738796299,16.510959503512908
184047.571261,57.56466039585308,26.765909612556953,16.379206365921917,11.570297580704,137.5144254605916,41.111878987856045,20.472136975682325,19.132693882701734,187.22185807852986,31.8056446665044,25.198080469612655,11.444264188877142,6820.11054735998,41.31335899430623,28.502366100621884,29.25218490200865,1080.3429577828313,89.52268978289041,25.780038977027544,13.772553480821434,112.86790106230607,35.27337995166404,25.828978188916746,11.82042454687447,2448.4894334506266,184.70413068637976,68.72461887036158,121.84367550191423,799.1414740508453,79.27068418546129,37.71324717554918,16.477787243515667
184047.571375,55.06986114948474,26.808573843646837,16.338196192766944,11.55925469340127,136.16445502754138,41.1290359534853,20.425839594668783,19.090591171716046,219.19946973437732,31.77752554206607,25.17293081046753,11.440907685567682,2594.2045824478096,41.07869259708622,28.422104492518557,29.222104966405496,1118.4295251017948,90.64667554844969,25.856109510081048,13.662299280615143,150.00656360151115,35.18024054951745,25.80507287888013,11.798350268726619,2652.4045477996824,184.45865839779904,68.85645171836723,121.53256604024315,796.6068240510127,79.04202018840898,37.69948018122619,16.444937902313246
184047.5714168,39.18365501334298,26.659692001768928,16.01265599730221,11.229690017378674,87.52217387622446,41.146270099583425,20.332440599172145,18.98592326702144,163.8614876521303,31.765045028281698,25.149345430253423,11.436813474221498,2179.489579861889,41.16885670378237,28.369194809301845,29.193920066693334,1126.9168076780597,90.62494083548651,25.881248894877654,13.625311899256042,388.38654518357964,35.26153345471967,25.836300568986044,11.80498341103092,2282.543805998898,183.3604014146365,69.01137836975879,121.23932605598185,804.5987359567024,78.8289038486175,37.68366080591297,16.412478856806008
